[
    {
        "key": "general:col.active_border",
        "value": "rgb(9141ac)"
    },
    {
        "key": "general:no_border_on_floating",
        "value": false
    },
    {
        "key": "general:border_size",
        "value": 1
    },
    {
        "key": "general:gaps_in",
        "value": 5
    },
    {
        "key": "general:gaps_out",
        "value": 5
    },
    {
        "key": "general:gaps_workspaces",
        "value": 0
    },
    {
        "key": "general:resize_on_border",
        "value": true
    },
    {
        "key": "general:hover_icon_on_border",
        "value": true
    },
    {
        "key": "general:extend_border_grab_area",
        "value": 15
    },
    {
        "key": "general:allow_tearing",
        "value": false
    },
    {
        "key": "decoration:rounding",
        "value": 10
    },
    {
        "key": "decoration:active_opacity",
        "value": 1.0
    },
    {
        "key": "decoration:inactive_opacity",
        "value": 0.7
    },
    {
        "key": "decoration:fullscreen_opacity",
        "value": 1.0
    },
    {
        "key": "decoration:shadow:enabled",
        "value": true
    },
    {
        "key": "decoration:shadow:range",
        "value": 30
    },
    {
        "key": "decoration:shadow:render_power",
        "value": 3
    },
    {
        "key": "decoration:shadow:ignore_window",
        "value": true
    },
    {
        "key": "decoration:shadow:scale",
        "value": 1.0
    },
    {
        "key": "decoration:dim_inactive",
        "value": true
    },
    {
        "key": "decoration:blur:enabled",
        "value": true
    },
    {
        "key": "decoration:blur:size",
        "value": 3
    },
    {
        "key": "decoration:blur:passes",
        "value": 3
    },
    {
        "key": "decoration:blur:ignore_opacity",
        "value": true
    },
    {
        "key": "decoration:blur:xray",
        "value": false
    },
    {
        "key": "decoration:blur:contrast",
        "value": 0.7
    },
    {
        "key": "decoration:blur:noise",
        "value": 0.0
    },
    {
        "key": "decoration:blur:brightness",
        "value": 1.0
    },
    {
        "key": "decoration:blur:popups",
        "value": false
    },
    {
        "key": "decoration:blur:vibrancy_darkness",
        "value": 0.3
    },
    {
        "key": "decoration:blur:vibrancy",
        "value": 0.3
    },
    {
        "key": "decoration:blur:popups_ignorealpha",
        "value": 0.3
    },
    {
        "key": "decoration:dim_around",
        "value": 0.3
    },
    {
        "key": "decoration:dim_special",
        "value": 0.3
    }
]